compound	benchmark_set	label	stratum	input_id	entity_kind	deposited_name	formal_charge	inchikey	mapping_status	mapping_method	primary_chebi_id	primary_name	equivalent_chebi_ids	evidence_unioned	family_context	candidates	workbook_chebi_id	workbook_agreement	bird_class	notes
Avilamycin C	primary_positive	1	orthosomycin	6UQ	ccd_nonpolymer	(2R,3S,4R,6S)-4-hydroxy-6-{[(2R,3aR,4R,4'R,5'S,6S,6'R,7aR)-4'-hydroxy-6-{[(2S,3R,4R,5S,6R)-3-hydroxy-2-{[(2R,3S,4S,5S,6S)-4-hydroxy-6-({(2R,3aS,3a'R,6S,6'R,7R,7'R,7aR,7a'R)-7'-hydroxy-7'-[(1S)-1-hydroxyethyl]-6'-methyl-7-[(2-methylpropanoyl)oxy]octahydro-4H-2,4'-spirobi[[1,3]dioxolo[4,5-c]pyran]-6-yl}oxy)-5-methoxy-2-(methoxymethyl)tetrahydro-2H-pyran-3-yl]oxy}-5-methoxy-6-methyltetrahydro-2H-pyran-4-yl]oxy}-4,6',7a-trimethyloctahydro-4H-spiro[1,3-dioxolo[4,5-c]pyran-2,2'-pyran]-5'-yl]oxy}-2-methyltetrahydro-2H-pyran-3-yl 3,5-dichloro-4-hydroxy-2-methoxy-6-methylbenzoate (non-preferred name)	0	AEIFATUAVHHRBC-JOYRSTEWSA-N	unresolved_no_chebi	unresolved				False				unresolved		no ChEBI entry found by exact InChIKey or connectivity search
CEM-101	primary_positive	1	macrolide_ketolide	EM1	ccd_nonpolymer	"(3aS,4R,7S,9R,10R,11R,13R,15R,15aR)-1-{4-[4-(3-aminophenyl)-1H-1,2,3-triazol-1-yl]butyl}-4-ethyl-7-fluoro-11-methoxy-3a
,7,9,11,13,15-hexamethyl-2,6,8,14-tetraoxotetradecahydro-2H-oxacyclotetradecino[4,3-d][1,3]oxazol-10-yl 3,4,6-trideoxy-3-(dimethylamino)-beta-D-xylo-hexopyranoside"	0	IXXFZUPTQVDPPK-ZAWHAJPISA-N	resolved	unichem_inchikey	CHEBI:230261	Solithromycin	CHEBI:230261 (Solithromycin)	False		CHEBI:230261  [accepted: exact]		workbook had no id		
Chloramphenicol	primary_positive	1	phenicol	CLM	ccd_nonpolymer	CHLORAMPHENICOL	0	WIIZWVCIJKGZOK-RKDXNWHRSA-N	resolved	direct_ccd_crossref	CHEBI:17698	chloramphenicol	CHEBI:17698 (chloramphenicol)	False		CHEBI:17698  [accepted: exact]	CHEBI:17698	agrees		RCSB ChEBI cross-reference verified by InChIKey equality; primary chosen by most specific entity (not a macromolecule/mixture class, fewest descendants), highest star rating, then lowest numeric id
Clindamycin	primary_positive	1	lincosamide	CLY	ccd_nonpolymer	CLINDAMYCIN	0	KDLRVYVGXIQJDK-AWPVFWJPSA-N	resolved	unichem_inchikey	CHEBI:3745	clindamycin	CHEBI:3745 (clindamycin)	False		CHEBI:3745  [accepted: exact]	CHEBI:3745	agrees		
Dalfopristin	primary_positive	1	streptogramin	DOL	ccd_nonpolymer	5-(2-DIETHYLAMINO-ETHANESULFONYL)-21-HYDROXY-10-ISOPROPYL-11,19-DIMETHYL-9,26-DIOXA-3,15,28-TRIAZA-TRICYCLO[23.2.1.00,255]OCTACOSA-1(27),12,17,19,25(28)-PENTAENE-2,8,14,23-TETRAONE	0	SUYRLXYYZQTJHF-VMBLUXKRSA-N	resolved	unichem_inchikey	CHEBI:4309	dalfopristin	CHEBI:4309 (dalfopristin)	False		CHEBI:4309  [accepted: exact]	CHEBI:4309	agrees		
Erythromycin A	primary_positive	1	macrolide_ketolide	ERY	ccd_nonpolymer	ERYTHROMYCIN A	0	ULGZDMOVFRHVEP-RWJQBGPGSA-N	resolved	direct_ccd_crossref	CHEBI:42355	erythromycin A	CHEBI:42355 (erythromycin A)	False		CHEBI:42355  [accepted: exact]	CHEBI:42355	agrees		RCSB ChEBI cross-reference verified by InChIKey equality; primary chosen by most specific entity (not a macromolecule/mixture class, fewest descendants), highest star rating, then lowest numeric id
Evernimycin	primary_positive	1	orthosomycin	EVN	ccd_nonpolymer	"(2R,3R,4R,6S)-6-{[(2R,3aR,4R,4'R,5'S,6S,6'R,7S,7aR)-6-{[(2S,3R,4R,5S,6R)-2-{[(2R,3S,4S,5S,6S)-6-({(2R,3aS,3a'R,6S,7R,7'
R,7aS,7a'S)-7'-[(2,4-dihydroxy-6-methylbenzoyl)oxy]-7-hydroxyoctahydro-4H-2,4'-spirobi[[1,3]dioxolo[4,5-c]pyran]-6-yl}ox
y)-4-hydroxy-5-methoxy-2-(methoxymethyl)tetrahydro-2H-pyran-3-yl]oxy}-3-hydroxy-5-methoxy-6-methyltetrahydro-2H-pyran-4-
yl]oxy}-4',7-dihydroxy-4,6',7a-trimethyloctahydro-4H-spiro[1,3-dioxolo[4,5-c]pyran-2,2'-pyran]-5'-yl]oxy}-4-{[(2R,4S,5R,
6S)-5-methoxy-4,6-dimethyl-4-nitrotetrahydro-2H-pyran-2-yl]oxy}-2-methyltetrahydro-2H-pyran-3-yl 3,5-dichloro-4-hydroxy-2-methoxy-6-methylbenzoate (non-preferred name)"	0	UPADRKHAIMTUCC-LRNXXXSBSA-N	unresolved_identity_conflict	unresolved				False		CHEBI:29581 Everninomycin [rejected: stereoSp3];CHEBI:218012 SCH 27899 [rejected: stereoSp3];CHEBI:748018 evernimicin [rejected: stereoSp3]		unresolved		ChEBI entries share the InChIKey connectivity layer but differ in CHEBI:29581: stereoSp3; CHEBI:218012: stereoSp3; CHEBI:748018: stereoSp3 -- not mapped automatically
Flopristin	primary_positive	1	streptogramin	VIF	ccd_nonpolymer	Flopristin	0	DFSJQGCLWZVMOD-IQIMCDJDSA-N	unresolved_no_chebi	unresolved				False				unresolved		no ChEBI entry found by exact InChIKey or connectivity search
Gentamycin	primary_positive	1	aminoglycoside	LLL	ccd_nonpolymer	"(2R,3R,4R,5R)-2-((1S,2S,3R,4S,6R)-4,6-DIAMINO-3-((2R,3R,6S)-3-AMINO-6-(AMINOMETHYL)-TETRAHYDRO-2H-PYRAN-2-YLOXY)-2-HYDR
OXYCYCLOHEXYLOXY)-5-METHYL-4-(METHYLAMINO)-TETRAHYDRO-2H-PYRAN-3,5-DIOL"	0	VEGXETMJINRLTH-BOZYPMBZSA-N	resolved	direct_ccd_crossref	CHEBI:27784	gentamycin C1a	CHEBI:27784 (gentamycin C1a)	False		CHEBI:27784  [accepted: exact]	CHEBI:17833	differs (workbook CHEBI:17833)		RCSB ChEBI cross-reference verified by InChIKey equality; primary chosen by most specific entity (not a macromolecule/mixture class, fewest descendants), highest star rating, then lowest numeric id
Hygromycin B	primary_positive	1	aminoglycoside	HYG	ccd_nonpolymer	HYGROMYCIN B	0	GRRNUXAQVGOGFE-WRWUMOMGSA-N	unresolved_identity_conflict	unresolved				False		CHEBI:16976 hygromycin B [rejected: stereoSp3];CHEBI:57971 hygromycin B(3+) [rejected: protonation,stereoSp3];CHEBI:4454 Destomysin [rejected: stereoSp3,stereoSp3Inverted,stereoType]	CHEBI:16976	unresolved (workbook CHEBI:16976)		ChEBI entries share the InChIKey connectivity layer but differ in CHEBI:16976: stereoSp3; CHEBI:57971: protonation,stereoSp3; CHEBI:4454: stereoSp3,stereoSp3Inverted,stereoType -- not mapped automatically
Kasugamycin	primary_positive	1	aminoglycoside	KSG	ccd_nonpolymer	"(1S,2R,3S,4R,5S,6S)-2,3,4,5,6-PENTAHYDROXYCYCLOHEXYL
2-AMINO-4-{[CARBOXY(IMINO)METHYL]AMINO}-2,3,4,6-TETRADEOXY-ALPHA-D-ARABINO-HEXOPYRANOSIDE"	0	PVTHJAPFENJVNC-MHRBZPPQSA-N	resolved	unichem_inchikey	CHEBI:81419	kasugamycin	CHEBI:81419 (kasugamycin)	False		CHEBI:81419  [accepted: exact]	CHEBI:81419	agrees		
Kirromycin	primary_positive	1	elfamycin	KIR	ccd_nonpolymer	KIRROMYCIN	0	HMSYAPGFKGSXAJ-PAHGNTJYSA-N	resolved	unichem_inchikey	CHEBI:190786	Mocimycin	CHEBI:190786 (Mocimycin)	False		CHEBI:190786  [accepted: exact]	CHEBI:190786	agrees		
Linopristin	primary_positive	1	streptogramin	PRD_002101	bird_peptide_like	Linopristin		NVGNYGXBILPHOS-VXNAYKIUSA-N	unresolved_no_chebi	unresolved				False				unresolved	Antibiotic	no ChEBI entry found by exact InChIKey or connectivity search
Negamycin	primary_positive	1	other	NEG	ccd_nonpolymer	NEGAMYCIN	0	IKHFJPZQZVMLRH-RNFRBKRXSA-N	resolved	unichem_inchikey	CHEBI:198310	Negamycin	CHEBI:198310 (Negamycin)	False		CHEBI:198310  [accepted: exact]	CHEBI:198310	agrees		
Neomycin	primary_positive	1	aminoglycoside	NMY	ccd_nonpolymer	NEOMYCIN	0	PGBHMTALBVVCIT-VCIWKGPPSA-N	resolved	direct_ccd_crossref	CHEBI:7508	framycetin	CHEBI:7508 (framycetin)	False	neomycin (CHEBI:7507);neomycin B sulfate (CHEBI:53636)	CHEBI:7508  [accepted: exact]	CHEBI:7507	differs (workbook CHEBI:7507)		RCSB ChEBI cross-reference verified by InChIKey equality; primary chosen by most specific entity (not a macromolecule/mixture class, fewest descendants), highest star rating, then lowest numeric id
Paromomycin	primary_positive	1	aminoglycoside	PAR	ccd_nonpolymer	PAROMOMYCIN	0	UOZODPSAJZTQNH-LSWIJEOBSA-N	resolved	direct_ccd_crossref	CHEBI:7934	paromomycin	CHEBI:7934 (paromomycin)	False		CHEBI:7934  [accepted: exact]	CHEBI:7934	agrees		RCSB ChEBI cross-reference verified by InChIKey equality; primary chosen by most specific entity (not a macromolecule/mixture class, fewest descendants), highest star rating, then lowest numeric id
Quinupristin	primary_positive	1	streptogramin	PRD_000505	bird_peptide_like	Quinupristin		WTHRRGMBUAHGNI-UHFFFAOYSA-N	unresolved_identity_conflict	unresolved				False		CHEBI:8732 Quinupristin [rejected: stereoSp3,stereoSp3Inverted,stereoType]	CHEBI:8732	unresolved (workbook CHEBI:8732)	Antibiotic	conflict_reason=stereo_undefined_in_query | ChEBI entries share the InChIKey connectivity layer but differ in CHEBI:8732: stereoSp3,stereoSp3Inverted,stereoType -- not mapped automatically
Spectinomycin	primary_positive	1	aminoglycoside	SCM	ccd_nonpolymer	SPECTINOMYCIN	0	UNFWWIHTNXNPBV-WXKVUWSESA-N	resolved	direct_ccd_crossref	CHEBI:9215	spectinomycin	CHEBI:9215 (spectinomycin)	False		CHEBI:9215  [accepted: exact]	CHEBI:9215	agrees		RCSB ChEBI cross-reference verified by InChIKey equality; primary chosen by most specific entity (not a macromolecule/mixture class, fewest descendants), highest star rating, then lowest numeric id
Telithromycin	primary_positive	1	macrolide_ketolide	TEL	ccd_nonpolymer	TELITHROMYCIN	0	LJVAJPDWBABPEJ-PNUFFHFMSA-N	resolved	direct_ccd_crossref	CHEBI:29688	telithromycin	CHEBI:29688 (telithromycin)	False		CHEBI:29688  [accepted: exact]	CHEBI:29688	agrees		RCSB ChEBI cross-reference verified by InChIKey equality; primary chosen by most specific entity (not a macromolecule/mixture class, fewest descendants), highest star rating, then lowest numeric id
Tetracycline	primary_positive	1	tetracycline	TAC	ccd_nonpolymer	TETRACYCLINE	0	OFVLGDICTFRJMM-WESIUVDSSA-N	resolved	unichem_inchikey	CHEBI:27902	tetracycline	CHEBI:27902 (tetracycline);CHEBI:77932 (tetracycline zwitterion)	True		CHEBI:27902  [accepted: exact];CHEBI:77932  [accepted: exact]	CHEBI:27902	agrees		2 ChEBI entries share standard InChIKey OFVLGDICTFRJMM-WESIUVDSSA-N; treated as the same standardised chemical identity for mapping purposes, primary chosen by most specific entity (not a macromolecule/mixture class, fewest descendants), highest star rating, then lowest numeric id, ontology evidence unioned over all of them
Tigecycline	primary_positive	1	tetracycline	T1C	ccd_nonpolymer	TIGECYCLINE	2	FPZLLRFZJZRHSY-HJYUBDRYSA-P	resolved	unichem_connectivity_protonation	CHEBI:142708	tigecycline(1+)	CHEBI:142708 (tigecycline(1+));CHEBI:149836 (tigecycline)	True		CHEBI:142708  [accepted: protonation];CHEBI:149836  [accepted: protonation]	CHEBI:149836	agrees		no exact InChIKey match; accepted connectivity match differing only in ['protonation']; primary chosen by fewest InChIKey-layer differences, then most specific entity (not a macromolecule/mixture class, fewest descendants), highest star rating, then lowest numeric id | evidence unioned over accepted protonation/charge variants
Viomycin	primary_positive	1	peptide_like	PRD_000226	bird_peptide_like	Viomycin		GXFAIFRPOKBQRV-UHFFFAOYSA-N	unresolved_identity_conflict	unresolved				False		CHEBI:94788 (3S)-3,6-diamino-N-[(3S,9S,12S,15S)-3-[(4S,6R)-2-amino-4-hydroxy-1,4,5,6-tetrahydropyrimidin-6-yl]-6-[(carbamoylamino)methylidene]-9,12-bis(hydroxymethyl)-2,5,8,11,14-pentaoxo-1,4,7,10,13-pentazacyclohexadec-15-yl]hexanamide [rejected: stereoSp3,stereoSp3Inverted,stereoType];CHEBI:15782 viomycin [rejected: stereoDbond,stereoSp3,stereoSp3Inverted,stereoType];CHEBI:60081 viomycin(3+) [rejected: protonation,stereoDbond,stereoSp3,stereoSp3Inverted,stereoType]	CHEBI:15782	unresolved (workbook CHEBI:15782)	Antibiotic	conflict_reason=stereo_undefined_in_query | ChEBI entries share the InChIKey connectivity layer but differ in CHEBI:94788: stereoSp3,stereoSp3Inverted,stereoType; CHEBI:15782: stereoDbond,stereoSp3,stereoSp3Inverted,stereoType; CHEBI:60081: protonation,stereoDbond,stereoSp3,stereoSp3Inverted,stereoType -- not mapped automatically
Virginiamycin	primary_positive	1	streptogramin	VIR	ccd_nonpolymer	VIRGINIAMYCIN M1	0	DAIKHDNSXMZDCU-FQTGFAPKSA-N	resolved	direct_ccd_crossref	CHEBI:9997	pristinamycin IIA	CHEBI:9997 (pristinamycin IIA)	False	virginiamycin (CHEBI:87209)	CHEBI:9997  [accepted: exact]	CHEBI:87209	differs (workbook CHEBI:87209)		RCSB ChEBI cross-reference verified by InChIKey equality; primary chosen by most specific entity (not a macromolecule/mixture class, fewest descendants), highest star rating, then lowest numeric id
Ornithine	primary_negative	0	same_domain	ORN	ccd_nonpolymer	L-ornithine	0	AHLPHDHHMVZTML-BYPYZUCNSA-N	resolved	direct_ccd_crossref	CHEBI:15729	L-ornithine	CHEBI:15729 (L-ornithine)	False		CHEBI:15729  [accepted: exact]		workbook had no id		RCSB ChEBI cross-reference verified by InChIKey equality; primary chosen by most specific entity (not a macromolecule/mixture class, fewest descendants), highest star rating, then lowest numeric id
Water	primary_negative	0	easy	HOH	ccd_nonpolymer	WATER	0	XLYOFNOQVPJJNP-UHFFFAOYSA-N	resolved	direct_ccd_crossref	CHEBI:15377	water	CHEBI:15377 (water)	False	methane clathrate (CHEBI:132140);royal jelly (CHEBI:78665);hydrate (CHEBI:35505);urea ammonium nitrate (CHEBI:88276);calcium ammonium nitrate (CHEBI:91238)	CHEBI:25805  [rejected: inchikey_not_equal];CHEBI:15377  [accepted: exact]	CHEBI:15377	agrees		RCSB ChEBI cross-reference verified by InChIKey equality; primary chosen by most specific entity (not a macromolecule/mixture class, fewest descendants), highest star rating, then lowest numeric id
Glycerol	primary_negative	0	easy	GOL	ccd_nonpolymer	GLYCEROL	0	PEDCQBHIVMGVHV-UHFFFAOYSA-N	resolved	direct_ccd_crossref	CHEBI:17754	glycerol	CHEBI:17522 (alditol);CHEBI:17754 (glycerol)	True	lecithin (CHEBI:61995)	CHEBI:17522  [accepted: exact];CHEBI:17754  [accepted: exact]	CHEBI:17754	agrees		RCSB ChEBI cross-reference verified by InChIKey equality; primary chosen by most specific entity (not a macromolecule/mixture class, fewest descendants), highest star rating, then lowest numeric id | several verified entries share the standard InChIKey: same standardised chemical identity for mapping purposes; ontology evidence unioned
Ethylene glycol	primary_negative	0	easy	EDO	ccd_nonpolymer	1,2-ETHANEDIOL	0	LYCAIKOWRPUZTN-UHFFFAOYSA-N	resolved	direct_ccd_crossref	CHEBI:30742	ethylene glycol	CHEBI:30742 (ethylene glycol);CHEBI:46793 (poly(ethylene glycol))	True		CHEBI:30742  [accepted: exact];CHEBI:46793  [accepted: exact]	CHEBI:30742	agrees		RCSB ChEBI cross-reference verified by InChIKey equality; primary chosen by most specific entity (not a macromolecule/mixture class, fewest descendants), highest star rating, then lowest numeric id | several verified entries share the standard InChIKey: same standardised chemical identity for mapping purposes; ontology evidence unioned
Sulfate	primary_negative	0	easy	SO4	ccd_nonpolymer	SULFATE ION	-2	QAOWNCQODCNURD-UHFFFAOYSA-L	resolved	direct_ccd_crossref	CHEBI:16189	sulfate	CHEBI:16189 (sulfate)	False	thallium sulfate (CHEBI:81836)	CHEBI:16189  [accepted: exact]	CHEBI:16189	agrees		RCSB ChEBI cross-reference verified by InChIKey equality; primary chosen by most specific entity (not a macromolecule/mixture class, fewest descendants), highest star rating, then lowest numeric id
Phosphate	primary_negative	0	easy	PO4	ccd_nonpolymer	PHOSPHATE ION	-3	NBIIXXVUZAFLBC-UHFFFAOYSA-K	resolved	direct_ccd_crossref	CHEBI:18367	phosphate(3-)	CHEBI:18367 (phosphate(3-))	False	ammonium magnesium phosphate (CHEBI:149425)	CHEBI:18367  [accepted: exact]	CHEBI:18367	agrees		RCSB ChEBI cross-reference verified by InChIKey equality; primary chosen by most specific entity (not a macromolecule/mixture class, fewest descendants), highest star rating, then lowest numeric id
ATP	primary_negative	0	easy	ATP	ccd_nonpolymer	ADENOSINE-5'-TRIPHOSPHATE	0	ZKHQWZAMYRWXGA-KQYNXXCUSA-N	resolved	direct_ccd_crossref	CHEBI:15422	ATP	CHEBI:15422 (ATP)	False	adenosine triphosphate disodium (CHEBI:50732)	CHEBI:15422  [accepted: exact]	CHEBI:15422	agrees		RCSB ChEBI cross-reference verified by InChIKey equality; primary chosen by most specific entity (not a macromolecule/mixture class, fewest descendants), highest star rating, then lowest numeric id
ADP	primary_negative	0	easy	ADP	ccd_nonpolymer	ADENOSINE-5'-DIPHOSPHATE	0	XTWYTFMLZFPYCI-KQYNXXCUSA-N	resolved	direct_ccd_crossref	CHEBI:16761	ADP	CHEBI:16761 (ADP)	False		CHEBI:16761  [accepted: exact]	CHEBI:16761	agrees		RCSB ChEBI cross-reference verified by InChIKey equality; primary chosen by most specific entity (not a macromolecule/mixture class, fewest descendants), highest star rating, then lowest numeric id
GTP	primary_negative	0	easy	GTP	ccd_nonpolymer	GUANOSINE-5'-TRIPHOSPHATE	0	XKMLYUALXHKNFT-UUOKFMHZSA-N	resolved	direct_ccd_crossref	CHEBI:15996	GTP	CHEBI:15996 (GTP)	False		CHEBI:15996  [accepted: exact]	CHEBI:15996	agrees		RCSB ChEBI cross-reference verified by InChIKey equality; primary chosen by most specific entity (not a macromolecule/mixture class, fewest descendants), highest star rating, then lowest numeric id
GDP	primary_negative	0	easy	GDP	ccd_nonpolymer	GUANOSINE-5'-DIPHOSPHATE	0	QGWNDRXFNXRZMB-UUOKFMHZSA-N	resolved	direct_ccd_crossref	CHEBI:17552	GDP	CHEBI:17552 (GDP)	False		CHEBI:17552  [accepted: exact]	CHEBI:17552	agrees		RCSB ChEBI cross-reference verified by InChIKey equality; primary chosen by most specific entity (not a macromolecule/mixture class, fewest descendants), highest star rating, then lowest numeric id
FAD	primary_negative	0	easy	FAD	ccd_nonpolymer	FLAVIN-ADENINE DINUCLEOTIDE	0	VWWQXMAJTJZDQX-UYBVJOGSSA-N	resolved	direct_ccd_crossref	CHEBI:16238	FAD	CHEBI:16238 (FAD)	False		CHEBI:16238  [accepted: exact]	CHEBI:16238	agrees		RCSB ChEBI cross-reference verified by InChIKey equality; primary chosen by most specific entity (not a macromolecule/mixture class, fewest descendants), highest star rating, then lowest numeric id
NAD	primary_negative	0	easy	NAD	ccd_nonpolymer	NICOTINAMIDE-ADENINE-DINUCLEOTIDE	0	BAWFJGJZGIEFAR-NNYOXOHSSA-N	resolved	direct_ccd_crossref	CHEBI:44215	NAD zwitterion	CHEBI:44215 (NAD zwitterion)	False		CHEBI:44215  [accepted: exact]	CHEBI:15846	differs (workbook CHEBI:15846)		RCSB ChEBI cross-reference verified by InChIKey equality; primary chosen by most specific entity (not a macromolecule/mixture class, fewest descendants), highest star rating, then lowest numeric id
Heme	primary_negative	0	easy	HEM	ccd_nonpolymer	PROTOPORPHYRIN IX CONTAINING FE		KABFMIBPWCXCRK-RGGAHWMASA-L	resolved	unichem_inchikey	CHEBI:17627	ferroheme b	CHEBI:17627 (ferroheme b);CHEBI:26355 (heme b)	True	ferrocytochrome <em>b</em> (CHEBI:5034)	CHEBI:17627  [accepted: exact];CHEBI:26355  [accepted: exact]	CHEBI:30413	differs (workbook CHEBI:30413)		2 ChEBI entries share standard InChIKey KABFMIBPWCXCRK-RGGAHWMASA-L; treated as the same standardised chemical identity for mapping purposes, primary chosen by most specific entity (not a macromolecule/mixture class, fewest descendants), highest star rating, then lowest numeric id, ontology evidence unioned over all of them
Fluconazole	primary_negative	0	hard_ontology	TPF	ccd_nonpolymer	2-(2,4-DIFLUOROPHENYL)-1,3-DI(1H-1,2,4-TRIAZOL-1-YL)PROPAN-2-OL	0	RFHAOTPXVQNOHP-UHFFFAOYSA-N	resolved	direct_ccd_crossref	CHEBI:46081	fluconazole	CHEBI:46081 (fluconazole)	False		CHEBI:46081  [accepted: exact]	CHEBI:46081	agrees		RCSB ChEBI cross-reference verified by InChIKey equality; primary chosen by most specific entity (not a macromolecule/mixture class, fewest descendants), highest star rating, then lowest numeric id
Psilocybin	primary_negative	0	hard_ontology	X8Q	ccd_nonpolymer	Psilocybin	0	QVDSEJDULKLHCG-UHFFFAOYSA-N	resolved	direct_ccd_crossref	CHEBI:8614	psilocybin	CHEBI:8614 (psilocybin)	False		CHEBI:8614  [accepted: exact]	CHEBI:8614	agrees		RCSB ChEBI cross-reference verified by InChIKey equality; primary chosen by most specific entity (not a macromolecule/mixture class, fewest descendants), highest star rating, then lowest numeric id
Sodium chloride	primary_negative	0	hard_ontology	CHEBI:26710	chebi_direct				resolved	chebi_input	CHEBI:26710	sodium chloride	CHEBI:26710 (sodium chloride)	False			CHEBI:26710	agrees		
D-glucose	primary_negative	0	hard_ontology	GLC	ccd_nonpolymer	alpha-D-glucopyranose	0	WQZGKKKJIJFFOK-DVKNGEFBSA-N	resolved	direct_ccd_crossref	CHEBI:17925	alpha-D-glucose	CHEBI:15444 ((1->4)-alpha-D-glucan);CHEBI:18398 (linear maltodextrin);CHEBI:17925 (alpha-D-glucose);CHEBI:28102 (amylose);CHEBI:28100 ((1->3)-alpha-D-glucan);CHEBI:18269 ((1->6)-alpha-D-glucan)	True		CHEBI:15444  [accepted: exact];CHEBI:18398  [accepted: exact];CHEBI:17925  [accepted: exact];CHEBI:28102  [accepted: exact];CHEBI:28100  [accepted: exact];CHEBI:18269  [accepted: exact]	CHEBI:4167	differs (workbook CHEBI:4167)		RCSB ChEBI cross-reference verified by InChIKey equality; primary chosen by most specific entity (not a macromolecule/mixture class, fewest descendants), highest star rating, then lowest numeric id | several verified entries share the standard InChIKey: same standardised chemical identity for mapping purposes; ontology evidence unioned
D-sorbitol	primary_negative	0	hard_ontology	SOR	ccd_nonpolymer	sorbitol	0	FBPFZTCFMRRESA-JGWLITMVSA-N	resolved	direct_ccd_crossref	CHEBI:17924	D-glucitol	CHEBI:17924 (D-glucitol)	False		CHEBI:17924  [accepted: exact]	CHEBI:17924	agrees		RCSB ChEBI cross-reference verified by InChIKey equality; primary chosen by most specific entity (not a macromolecule/mixture class, fewest descendants), highest star rating, then lowest numeric id
Xylitol	primary_negative	0	hard_ontology	XYL	ccd_nonpolymer	Xylitol	0	HEBKCHPVOIAQTA-SCDXWVJYSA-N	resolved	unichem_inchikey	CHEBI:17151	xylitol	CHEBI:17151 (xylitol)	False		CHEBI:17151  [accepted: exact]	CHEBI:17151	agrees		
Formic acid	primary_negative	0	hard_ontology	FMT	ccd_nonpolymer	FORMIC ACID	0	BDAGIHXWWSANSR-UHFFFAOYSA-N	resolved	direct_ccd_crossref	CHEBI:30751	formic acid	CHEBI:30751 (formic acid)	False		CHEBI:30751  [accepted: exact]	CHEBI:30751	agrees		RCSB ChEBI cross-reference verified by InChIKey equality; primary chosen by most specific entity (not a macromolecule/mixture class, fewest descendants), highest star rating, then lowest numeric id
Hydrogen peroxide	primary_negative	0	hard_ontology	PEO	ccd_nonpolymer	HYDROGEN PEROXIDE	0	MHAJPDPJQMAIIY-UHFFFAOYSA-N	resolved	direct_ccd_crossref	CHEBI:16240	hydrogen peroxide	CHEBI:16240 (hydrogen peroxide)	False	urea hydrogen peroxide (CHEBI:75178)	CHEBI:16240  [accepted: exact]	CHEBI:16240	agrees		RCSB ChEBI cross-reference verified by InChIKey equality; primary chosen by most specific entity (not a macromolecule/mixture class, fewest descendants), highest star rating, then lowest numeric id
Avibactam	primary_negative	0	challenge_negative	FYG	ccd_nonpolymer	(2S,5R)-7-oxo-6-(sulfooxy)-1,6-diazabicyclo[3.2.1]octane-2-carboxamide	0	NDCUAPJVLWFHHB-UHNVWZDZSA-N	resolved	direct_ccd_crossref	CHEBI:85984	avibactam	CHEBI:85984 (avibactam)	False		CHEBI:85984  [accepted: exact]	CHEBI:85984	agrees		RCSB ChEBI cross-reference verified by InChIKey equality; primary chosen by most specific entity (not a macromolecule/mixture class, fewest descendants), highest star rating, then lowest numeric id
Omadacycline	paper_positive	1	tetracycline	U3B	ccd_nonpolymer	Omadacycline	0	VJYKVCURWJGLPG-IQZGDKDPSA-N	resolved	direct_ccd_crossref	CHEBI:177758	Omadacycline	CHEBI:177758 (Omadacycline)	False		CHEBI:177758  [accepted: exact]		workbook had no id		RCSB ChEBI cross-reference verified by InChIKey equality; primary chosen by most specific entity (not a macromolecule/mixture class, fewest descendants), highest star rating, then lowest numeric id
Eravacycline	paper_positive	1	tetracycline	YQM	ccd_nonpolymer	Eravacycline	0	AKLMFDDQCHURPW-ISIOAQNYSA-N	resolved	unichem_inchikey	CHEBI:177804	Eravacycline	CHEBI:177804 (Eravacycline)	False		CHEBI:177804  [accepted: exact]		workbook had no id		
Pentacycline	paper_positive	1	tetracycline	P8F	ccd_nonpolymer	Pentacycline	0	DAUIQSOIFWOKJQ-MGVDVOGZSA-N	unresolved_no_chebi	unresolved				False				unresolved		no ChEBI entry found by exact InChIKey or connectivity search
Streptomycin	paper_positive	1	aminoglycoside	5I0	ccd_nonpolymer	[(2~{S},3~{S},4~{S},5~{R},6~{S})-2-[(2~{R},3~{R},4~{R},5~{S})-2-[(1~{R},2~{S},3~{R},4~{R},5~{S},6~{R})-2,4-bis[[azaniumylidene(azanyl)methyl]amino]-3,5,6-tris(oxidanyl)cyclohexyl]oxy-4-[bis(oxidanyl)methyl]-5-methyl-4-oxidanyl-oxolan-3-yl]oxy-6-(hydroxymethyl)-4,5-bis(oxidanyl)oxan-3-yl]-methyl-azanium	3	ATLHDHNZEMANQF-UQHZJGBMSA-Q	unresolved_no_chebi	unresolved				False				unresolved		no ChEBI entry found by exact InChIKey or connectivity search
Apramycin	paper_positive	1	aminoglycoside	AM2	ccd_nonpolymer	APRAMYCIN	0	XZNUGFQTQHRASN-XQENGBIVSA-N	resolved	direct_ccd_crossref	CHEBI:2790	apramycin	CHEBI:2790 (apramycin)	False		CHEBI:2790  [accepted: exact]		workbook had no id		RCSB ChEBI cross-reference verified by InChIKey equality; primary chosen by most specific entity (not a macromolecule/mixture class, fewest descendants), highest star rating, then lowest numeric id
Hygromycin B	paper_positive	1	aminoglycoside	HY0	ccd_nonpolymer	HYGROMYCIN B VARIANT	0	GRRNUXAQVGOGFE-XFOBNZBXSA-N	unresolved_identity_conflict	unresolved				False		CHEBI:16976 hygromycin B [rejected: stereoSp3];CHEBI:57971 hygromycin B(3+) [rejected: protonation,stereoSp3];CHEBI:4454 Destomysin [rejected: stereoSp3,stereoSp3Inverted,stereoType]		unresolved		ChEBI entries share the InChIKey connectivity layer but differ in CHEBI:16976: stereoSp3; CHEBI:57971: protonation,stereoSp3; CHEBI:4454: stereoSp3,stereoSp3Inverted,stereoType -- not mapped automatically
Capreomycin	paper_positive	1	peptide_like	CA7	ccd_nonpolymer	7-cyclohexylheptyl 4-O-alpha-D-glucopyranosyl-beta-D-glucopyranoside	0	BEKAVONQUWHNMM-IYBATYGCSA-N	unresolved_no_chebi	unresolved				False				unresolved		no ChEBI entry found by exact InChIKey or connectivity search
Evernimicin	paper_positive	1	orthosomycin	6O1	ccd_nonpolymer	Evernimicin	0	UPADRKHAIMTUCC-PPTKMMIPSA-N	unresolved_no_chebi	unresolved				False				unresolved		no ChEBI entry found by exact InChIKey or connectivity search
Tiamulin	paper_positive	1	pleuromutilin	MUL	ccd_nonpolymer	TIAMULIN	0	UURAUHCOJAIIRQ-QGLSALSOSA-N	resolved	direct_ccd_crossref	CHEBI:44137	tiamulin	CHEBI:44137 (tiamulin)	False		CHEBI:44137  [accepted: exact]		workbook had no id		RCSB ChEBI cross-reference verified by InChIKey equality; primary chosen by most specific entity (not a macromolecule/mixture class, fewest descendants), highest star rating, then lowest numeric id
Retapamulin	paper_positive	1	pleuromutilin	G34	ccd_nonpolymer	Retapamulin	0	STZYTFJPGGDRJD-NHUWBDDWSA-N	unresolved_identity_conflict	unresolved				False		CHEBI:166679 Retapamulin [rejected: stereoSp3];CHEBI:181008 SW219106-1 [rejected: stereoSp3,stereoSp3Inverted]		unresolved		ChEBI entries share the InChIKey connectivity layer but differ in CHEBI:166679: stereoSp3; CHEBI:181008: stereoSp3,stereoSp3Inverted -- not mapped automatically
Lincomycin	paper_positive	1	lincosamide	3QB	ccd_nonpolymer	LINCOMYCIN	0	OJMMVQQUTAEWLP-KIDUDLJLSA-N	resolved	direct_ccd_crossref	CHEBI:6472	lincomycin	CHEBI:6472 (lincomycin)	False		CHEBI:6472  [accepted: exact]		workbook had no id		RCSB ChEBI cross-reference verified by InChIKey equality; primary chosen by most specific entity (not a macromolecule/mixture class, fewest descendants), highest star rating, then lowest numeric id
Clavulanic acid	challenge		challenge_policy	J01	ccd_nonpolymer	(2R,3Z,5R)-3-(2-HYDROXYETHYLIDENE)-7-OXO-4-OXA-1-AZABICYCLO[3.2.0]HEPTANE-2-CARBOXYLIC ACID	0	HZZVJAQRINQKSD-PBFISZAISA-N	resolved	direct_ccd_crossref	CHEBI:48947	clavulanic acid	CHEBI:48947 (clavulanic acid)	False		CHEBI:48947  [accepted: exact]	CHEBI:48947	agrees		RCSB ChEBI cross-reference verified by InChIKey equality; primary chosen by most specific entity (not a macromolecule/mixture class, fewest descendants), highest star rating, then lowest numeric id
